{"fragments": [{"start": 0, "end": 7.49999999999998, "fragment-type": "normal"}, {"start": 7.49999999999998, "end": 10.000000000000066, "fragment-type": "normal"}, {"start": 10.000000000000066, "end": 13.500000000000215, "fragment-type": "normal"}]}