{"fragments": [{"start": 0, "end": 6.2499999999999885, "fragment-type": "normal"}, {"start": 6.2499999999999885, "end": 8.749999999999982, "fragment-type": "normal"}, {"start": 8.749999999999982, "end": 10.249999999999979, "fragment-type": "normal"}]}