{"fragments": [{"start": 0, "end": 5.249999999999988, "fragment-type": "normal"}, {"start": 5.249999999999988, "end": 6.749999999999984, "fragment-type": "normal"}]}