{"fragments": [{"start": 0, "end": 6.249999999999984, "fragment-type": "normal"}, {"start": 6.249999999999984, "end": 7.7499999999999805, "fragment-type": "normal"}]}