{"fragments": [{"start": 0, "end": 5.250000000000002, "fragment-type": "normal"}, {"start": 5.250000000000002, "end": 6.716666666666665, "fragment-type": "normal"}]}